patient_id,peptide,hla_allele,immunogenic,source
TESLA_P01,GILGFVFTL,HLA-A*02:01,1,Flu_M1_control
TESLA_P02,NLVPMVATV,HLA-A*02:01,1,CMV_pp65_control
TESLA_P03,KLGGALQAK,HLA-A*03:01,1,EBV_EBNA3A_control
TESLA_P04,AVFDRKSDAK,HLA-B*08:01,1,EBV_EBNA3A_control
TESLA_P05,FLRGRAYGL,HLA-B*35:01,1,EBV_BMLF1_control
TESLA_N01,AAAAAAAAAA,HLA-A*02:01,0,negative_control
TESLA_N02,LLLLLLLLLL,HLA-A*02:01,0,negative_control
TESLA_N03,IIIIIIIIII,HLA-A*02:01,0,negative_control
TESLA_N04,GGGGGGGGGG,HLA-A*02:01,0,negative_control
TESLA_N05,KKKKKKKKKK,HLA-A*02:01,0,negative_control
